collection,compiler,died_AH,unique_marfu,language,grades,status
Sahih al-Bukhari,al-Bukhari,256,4364,English,al-Albani (LK Corpus),BUILT
Sahih Muslim,Muslim ibn al-Hajjaj,261,3794,English,al-Albani (LK Corpus),BUILT
Sunan Abi Dawud,Abu Dawud,275,3017,English,al-Albani (LK Corpus),BUILT
Jami at-Tirmidhi,at-Tirmidhi,279,2475,English,al-Albani (LK Corpus),BUILT
Sunan an-Nasai,an-Nasai,303,2795,English,al-Albani (LK Corpus),BUILT
Sunan Ibn Majah,Ibn Majah,273,2867,English,al-Albani (LK Corpus),BUILT
al-Muwatta,Malik ibn Anas,179,664,English,none available,BUILT
Musnad Ahmad (COMPLETE),Ahmad ibn Hanbal,241,19091,Arabic only,none available,BUILT
Sunan al-Darimi,al-Darimi,255,1982,Arabic only,none available,BUILT
Musannaf Abd ar-Razzaq,Abd ar-Razzaq as-Sanani,211,"~21,000 (est. raw)",—,—,NOT AVAILABLE - no open dataset found
Musnad at-Tayalisi,Abu Dawud at-Tayalisi,204,"~2,700 (est. raw)",—,—,NOT AVAILABLE - no open dataset found
Musnad al-Humaydi,al-Humaydi,219,"~1,300 (est. raw)",—,—,NOT AVAILABLE - no open dataset found
Sunan Said ibn Mansur,Said ibn Mansur,227,"~3,000 (est. raw)",—,—,NOT AVAILABLE - no open dataset found
Musannaf Ibn Abi Shayba,Ibn Abi Shayba,235,"~38,000 (est. raw)",—,—,NOT AVAILABLE - no open dataset found
Musnad Ishaq ibn Rahwayh,Ishaq ibn Rahwayh,238,"~4,000 (est. raw)",—,—,NOT AVAILABLE - no open dataset found
Musnad al-Bazzar,al-Bazzar,292,"~11,000 (est. raw)",—,—,NOT AVAILABLE - no open dataset found
Musnad Abu Yala,Abu Yala al-Mawsili,307,"~7,500 (est. raw)",—,—,NOT AVAILABLE - no open dataset found
Sahih Ibn Khuzayma,Ibn Khuzayma,311,"~3,000 (est. raw)",—,—,NOT AVAILABLE - no open dataset found
Sahih Ibn Hibban,Ibn Hibban,354,"~7,500 (est. raw)",—,—,NOT AVAILABLE - no open dataset found
al-Mujam al-Kabir,at-Tabarani,360,"~25,000 (est. raw)",—,—,NOT AVAILABLE - no open dataset found
al-Mujam al-Awsat,at-Tabarani,360,"~9,500 (est. raw)",—,—,NOT AVAILABLE - no open dataset found
al-Mujam as-Saghir,at-Tabarani,360,"~1,200 (est. raw)",—,—,NOT AVAILABLE - no open dataset found
Sunan ad-Daraqutni,ad-Daraqutni,385,"~4,800 (est. raw)",—,—,NOT AVAILABLE - no open dataset found
al-Mustadrak ala as-Sahihayn,al-Hakim an-Naysaburi,405,"~8,800 (est. raw)",—,—,NOT AVAILABLE - no open dataset found
as-Sunan al-Kubra,al-Bayhaqi,458,"~22,000 (est. raw)",—,—,NOT AVAILABLE - no open dataset found
Shuab al-Iman,al-Bayhaqi,458,"~11,000 (est. raw)",—,—,NOT AVAILABLE - no open dataset found
Musnad ash-Shafii,ash-Shafii,204,"~1,800 (est. raw)",—,—,NOT AVAILABLE - no open dataset found
