collection,author_arabic,died_AH,entries_parsed,marfu_filtered,unique_after_dedupe,openiti_source_file,grades,language
Musnad ash-Shafi'i,الشافعي أبو عبد الله محمد بن إدريس بن ال,204,2240,1264,1202,0204Shafici.Musnad.Shamela0021495-ara1,NONE - OpenITI has text only,Arabic
Musnad at-Tayalisi,أبو داود سليمان بن داود بن الجارود الطيا,204,3989,2848,2681,0204AbuDawudTayalisi.Musnad.Shamela0001456-ara1,NONE - OpenITI has text only,Arabic
Musannaf Abd ar-Razzaq,أبو بكر عبد الرزاق بن همام بن نافع الحمي,211,22115,4651,4197,0211CabdRazzaqSancani.Musannaf.Shamela0013174-ara1,NONE - OpenITI has text only,Arabic
Sunan Sa'id ibn Mansur,أبو عثمان سعيد بن منصور بن شعبة الخراسان,227,3201,643,629,0227IbnMansurKhurasani.Sunan.Shamela0013122-ara1,NONE - OpenITI has text only,Arabic
Musannaf Ibn Abi Shayba,أبو بكر بن أبي شيبة، عبد الله بن محمد بن,235,43754,8924,7462,0235IbnAbiShayba.Musannaf.Shamela0009944-ara1,NONE - OpenITI has text only,Arabic
Musnad al-Bazzar (al-Bahr az-Zakhkhar),أبو بكر أحمد بن عمرو بن عبد الخالق بن خل,292,13363,9740,8965,0292AbuBakrBazzar.BahrZakhkhar.Shamela0012981-ara1,NONE - OpenITI has text only,Arabic
Musnad Abu Ya'la,أبو يعلى أحمد بن علي بن المثنى بن يحيى ب,307,15717,7262,6341,0307AbuYaclaMawsili.Musnad.Shamela0012520-ara1,NONE - OpenITI has text only,Arabic
Sahih Ibn Khuzayma,أبو بكر محمد بن إسحاق بن خزيمة بن المغير,311,6793,3040,2876,0311IbnKhuzaymaNaysaburi.Sahih.Shamela0001446-ara1,NONE - OpenITI has text only,Arabic
al-Mu'jam al-Awsat,سليمان بن أحمد بن أيوب بن مطير اللخمي ال,360,11809,9352,8855,0360Tabarani.MucjamAwsat.Shamela0028171-ara1,NONE - OpenITI has text only,Arabic
al-Mu'jam al-Kabir,سليمان بن أحمد بن أيوب بن مطير اللخمي ال,360,26440,18868,17150,0360Tabarani.MucjamKabir.Shamela0001733-ara1,NONE - OpenITI has text only,Arabic
al-Mu'jam as-Saghir,سليمان بن أحمد بن أيوب بن مطير اللخمي ال,360,1208,1165,1156,0360Tabarani.MucjamSaghir.Shamela0013068-ara1,NONE - OpenITI has text only,Arabic
Sunan ad-Daraqutni,أبو الحسن علي بن عمر بن أحمد بن مهدي بن ,385,6233,3633,3465,0385Daraqutni.Sunan.Shamela0009771-ara1,NONE - OpenITI has text only,Arabic
al-Mustadrak ala as-Sahihayn,أبو عبد الله الحاكم محمد بن عبد الله بن ,405,15245,6971,6636,0405HakimNaysaburi.Mustadrak.Shamela0002266-ara1,NONE - OpenITI has text only,Arabic
Shu'ab al-Iman,أحمد بن الحسين بن علي بن موسى الخسروجردي,458,15192,6582,6408,0458Bayhaqi.ShucabIman.Shamela0010660-ara1,NONE - OpenITI has text only,Arabic
as-Sunan al-Kubra (Bayhaqi),أحمد بن الحسين بن علي بن موسى الخسروجردي,458,30149,15726,14832,0458Bayhaqi.SunanKubra.Shamela0007861-ara1,NONE - OpenITI has text only,Arabic
